program,olympiad,profile,subject,required_exams,min_score,right_type,credit_subject,who,grades
"01.03.01 Математика; 01.03.04 Прикладная математика","Всероссийская междисциплинарная олимпиада школьников 8-11 классов «Национальная технологическая олимпиада»","автономные транспортные системы","математика","математика / физика","75 и более","Право на прием БВИ","-","Победителям и призерам","10, 11 класс"
"01.03.01 Математика; 01.03.04 Прикладная математика","Всероссийская междисциплинарная олимпиада школьников 8-11 классов «Национальная технологическая олимпиада»","информатика и вычислительная техника","информатика","математика / информатика / физика","75 и более","Право на прием БВИ","-","Победителям и призерам","10, 11 класс"
"01.03.01 Математика; 01.03.04 Прикладная математика","Всероссийская междисциплинарная олимпиада школьников 8-11 классов «Национальная технологическая олимпиада»","беспилотный транспорт: аэрокосмические системы, беспилотные авиационные системы, воздушные робототехнические системы, летающая робототехника","информатика","информатика / физика","75 и более","Право на прием БВИ","-","Победителям и призерам","10, 11 класс"
"01.03.01 Математика; 01.03.04 Прикладная математика","Всероссийская междисциплинарная олимпиада школьников 8-11 классов «Национальная технологическая олимпиада»","большие данные и машинное обучение","математика","математика / информатика","75 и более","Право на прием БВИ","-","Победителям и призерам","10, 11 класс"
"01.03.01 Математика; 01.03.04 Прикладная математика","Всероссийская междисциплинарная олимпиада школьников 8-11 классов «Национальная технологическая олимпиада»","интеллектуальные робототехнические системы","математика","математика / информатика","75 и более","Право на прием БВИ","-","Победителям и призерам","10, 11 класс"
"01.03.01 Математика; 01.03.04 Прикладная математика","Всероссийская междисциплинарная олимпиада школьников 8-11 классов «Национальная технологическая олимпиада»","интеллектуальные энергетические системы","математика","математика / физика","75 и более","Право на прием БВИ","-","Победителям и призерам","10, 11 класс"
"01.03.01 Математика; 01.03.04 Прикладная математика","Всероссийская междисциплинарная олимпиада школьников 8-11 классов «Национальная технологическая олимпиада»","информационная безопасность","информатика","информатика","75 и более","Право на прием БВИ","информатика","Победителям и призерам","10, 11 класс"
"01.03.01 Математика; 01.03.04 Прикладная математика","Всероссийская междисциплинарная олимпиада школьников 8-11 классов «Национальная технологическая олимпиада»","информационная безопасность","информатика","информатика","75 и более","Право на 100 баллов","информатика","Победителям и призерам","9, 10, 11 класс"
"01.03.01 Математика; 01.03.04 Прикладная математика","Всероссийская междисциплинарная олимпиада школьников 8-11 классов «Национальная технологическая олимпиада»","искусственный интеллект","информатика","информатика","75 и более","Право на прием БВИ","информатика","Победителям и призерам","10, 11 класс"
"01.03.01 Математика; 01.03.04 Прикладная математика","Всероссийская междисциплинарная олимпиада школьников 8-11 классов «Национальная технологическая олимпиада»","искусственный интеллект","информатика","информатика","75 и более","Право на 100 баллов","информатика","Победителям и призерам","9, 10, 11 класс"
"01.03.01 Математика; 01.03.04 Прикладная математика","Всероссийская междисциплинарная олимпиада школьников 8-11 классов «Национальная технологическая олимпиада»","квантовый инжиниринг","физика","физика / информатика","75 и более","Право на прием БВИ","-","Победителям и призерам","10, 11 класс"
"01.03.01 Математика; 01.03.04 Прикладная математика","Всероссийская междисциплинарная олимпиада школьников 8-11 классов «Национальная технологическая олимпиада»","технологии беспроводной связи","информатика","информатика / математика","75 и более","Право на прием БВИ","-","Победителям и призерам","10, 11 класс"
"01.03.01 Математика; 01.03.04 Прикладная математика","Всероссийская междисциплинарная олимпиада школьников 8-11 классов «Национальная технологическая олимпиада»","умные системы и технологии: умный город, цифровые сенсорные системы","информатика","информатика / математика","75 и более","Право на прием БВИ","-","Победителям и призерам","10, 11 класс"
"01.03.01 Математика; 01.03.04 Прикладная математика","Всероссийская междисциплинарная олимпиада школьников 8-11 классов «Национальная технологическая олимпиада»","анализ космических снимков и геопространственных данных","математика","математика / информатика / физика","75 и более","Право на прием БВИ","-","Победителям и призерам","10, 11 класс"
"01.03.01 Математика; 01.03.04 Прикладная математика","Всероссийская междисциплинарная олимпиада школьников 8-11 классов «Национальная технологическая олимпиада»","аэрокосмические системы","информатика","информатика / физика","75 и более","Право на прием БВИ","-","Победителям и призерам","10, 11 класс"
"01.03.01 Математика; 01.03.04 Прикладная математика","Всероссийская междисциплинарная олимпиада школьников 8-11 классов «Национальная технологическая олимпиада»","беспилотные авиационные системы","математика","математика / информатика / физика","75 и более","Право на прием БВИ","-","Победителям и призерам","10, 11 класс"
"01.03.01 Математика; 01.03.04 Прикладная математика","Всероссийская междисциплинарная олимпиада школьников 8-11 классов «Национальная технологическая олимпиада»","водные робототехнические системы","математика","математика / информатика / физика","75 и более","Право на прием БВИ","-","Победителям и призерам","10, 11 класс"
"01.03.01 Математика; 01.03.04 Прикладная математика","Всероссийская междисциплинарная олимпиада школьников 8-11 классов «Национальная технологическая олимпиада»","летающая робототехника","математика","математика / физика","75 и более","Право на прием БВИ","-","Победителям и призерам","10, 11 класс"
"01.03.02 Прикладная математика и информатика; 09.03.04 Программная инженерия; 38.03.05 Бизнес-информатика","Всероссийская междисциплинарная олимпиада школьников 8-11 классов «Национальная технологическая олимпиада»","автоматизация бизнес-процессов","математика","математика","75 и более","Право на прием БВИ","-","Победителям и призерам","10, 11 класс"
"01.03.02 Прикладная математика и информатика; 09.03.04 Программная инженерия; 38.03.05 Бизнес-информатика","Всероссийская междисциплинарная олимпиада школьников 8-11 классов «Национальная технологическая олимпиада»","автономные транспортные системы","математика","математика / физика","75 и более","Право на прием БВИ","-","Победителям и призерам","10, 11 класс"
"01.03.02 Прикладная математика и информатика; 09.03.04 Программная инженерия; 38.03.05 Бизнес-информатика","Всероссийская междисциплинарная олимпиада школьников 8-11 классов «Национальная технологическая олимпиада»","космические системы: анализ космических снимков и геопространственных данных, спутниковые системы","математика","математика / информатика / физика","75 и более","Право на прием БВИ","-","Победителям и призерам","10, 11 класс"
"01.03.02 Прикладная математика и информатика; 09.03.04 Программная инженерия; 38.03.05 Бизнес-информатика","Всероссийская междисциплинарная олимпиада школьников 8-11 классов «Национальная технологическая олимпиада»","беспилотный транспорт: аэрокосмические системы, беспилотные авиационные системы, водные робототехнические системы, летающая робототехника","информатика","информатика / физика","75 и более","Право на прием БВИ","-","Победителям и призерам","10, 11 класс"
"01.03.02 Прикладная математика и информатика; 09.03.04 Программная инженерия; 38.03.05 Бизнес-информатика","Всероссийская междисциплинарная олимпиада школьников 8-11 классов «Национальная технологическая олимпиада»","виртуальные миры: разработка компьютерных игр, технологии виртуальной реальности, технологии дополненной реальности","информатика","информатика","75 и более","Право на прием БВИ","информатика","Победителям и призерам","10, 11 класс"
"01.03.02 Прикладная математика и информатика; 09.03.04 Программная инженерия; 38.03.05 Бизнес-информатика","Всероссийская междисциплинарная олимпиада школьников 8-11 классов «Национальная технологическая олимпиада»","виртуальные миры: разработка компьютерных игр, технологии виртуальной реальности, технологии дополненной реальности","информатика","информатика","75 и более","Право на 100 баллов","информатика","Победителям и призерам","9, 10, 11 класс"
"01.03.02 Прикладная математика и информатика; 09.03.04 Программная инженерия; 38.03.05 Бизнес-информатика","Всероссийская междисциплинарная олимпиада школьников 8-11 классов «Национальная технологическая олимпиада»","интеллектуальные робототехнические системы","математика","математика / информатика","75 и более","Право на прием БВИ","-","Победителям и призерам","10, 11 класс"
"01.03.02 Прикладная математика и информатика; 09.03.04 Программная инженерия; 38.03.05 Бизнес-информатика","Всероссийская междисциплинарная олимпиада школьников 8-11 классов «Национальная технологическая олимпиада»","интеллектуальные энергетические системы","математика","математика / физика","75 и более","Право на прием БВИ","-","Победителям и призерам","10, 11 класс"
"01.03.02 Прикладная математика и информатика; 09.03.04 Программная инженерия; 38.03.05 Бизнес-информатика","Всероссийская междисциплинарная олимпиада школьников 8-11 классов «Национальная технологическая олимпиада»","информационная безопасность","информатика","информатика","75 и более","Право на прием БВИ","информатика","Победителям и призерам","10, 11 класс"
"01.03.02 Прикладная математика и информатика; 09.03.04 Программная инженерия; 38.03.05 Бизнес-информатика","Всероссийская междисциплинарная олимпиада школьников 8-11 классов «Национальная технологическая олимпиада»","информационная безопасность","информатика","информатика","75 и более","Право на 100 баллов","информатика","Победителям и призерам","9, 10, 11 класс"
"01.03.02 Прикладная математика и информатика; 09.03.04 Программная инженерия; 38.03.05 Бизнес-информатика","Всероссийская междисциплинарная олимпиада школьников 8-11 классов «Национальная технологическая олимпиада»","искусственный интеллект","информатика","информатика","75 и более","Право на прием БВИ","информатика","Победителям и призерам","10, 11 класс"
"01.03.02 Прикладная математика и информатика; 09.03.04 Программная инженерия; 38.03.05 Бизнес-информатика","Всероссийская междисциплинарная олимпиада школьников 8-11 классов «Национальная технологическая олимпиада»","искусственный интеллект","информатика","информатика","75 и более","Право на 100 баллов","информатика","Победителям и призерам","9, 10, 11 класс"
"01.03.02 Прикладная математика и информатика; 09.03.04 Программная инженерия; 38.03.05 Бизнес-информатика","Всероссийская междисциплинарная олимпиада школьников 8-11 классов «Национальная технологическая олимпиада»","квантовый инжиниринг","физика","физика / информатика","75 и более","Право на прием БВИ","-","Победителям и призерам","10, 11 класс"
"01.03.02 Прикладная математика и информатика; 09.03.04 Программная инженерия; 38.03.05 Бизнес-информатика","Всероссийская междисциплинарная олимпиада школьников 8-11 классов «Национальная технологическая олимпиада»","инфротехнологии и когнитивные науки","математика","математика / информатика","75 и более","Право на прием БВИ","-","Победителям и призерам","10, 11 класс"
"01.03.02 Прикладная математика и информатика; 09.03.04 Программная инженерия; 38.03.05 Бизнес-информатика","Всероссийская междисциплинарная олимпиада школьников 8-11 классов «Национальная технологическая олимпиада»","программная инженерия в финансовых технологиях","математика","математика / информатика","75 и более","Право на прием БВИ","математика / информатика","Победителям и призерам","10, 11 класс"
"01.03.02 Прикладная математика и информатика; 09.03.04 Программная инженерия; 38.03.05 Бизнес-информатика","Всероссийская междисциплинарная олимпиада школьников 8-11 классов «Национальная технологическая олимпиада»","программная инженерия в финансовых технологиях","математика","математика / информатика","75 и более","Право на 100 баллов","математика / информатика","Победителям и призерам","9, 10, 11 класс"
"01.03.02 Прикладная математика и информатика; 09.03.04 Программная инженерия; 38.03.05 Бизнес-информатика","Всероссийская междисциплинарная олимпиада школьников 8-11 классов «Национальная технологическая олимпиада»","разработка мобильных приложений","информатика","информатика","75 и более","Право на прием БВИ","информатика","Победителям и призерам","10, 11 класс"
"01.03.02 Прикладная математика и информатика; 09.03.04 Программная инженерия; 38.03.05 Бизнес-информатика","Всероссийская междисциплинарная олимпиада школьников 8-11 классов «Национальная технологическая олимпиада»","разработка мобильных приложений","информатика","информатика","75 и более","Право на 100 баллов","информатика","Победителям и призерам","9, 10, 11 класс"
"01.03.02 Прикладная математика и информатика; 09.03.04 Программная инженерия; 38.03.05 Бизнес-информатика","Всероссийская междисциплинарная олимпиада школьников 8-11 классов «Национальная технологическая олимпиада»","технологии беспроводной связи","информатика","информатика / математика","75 и более","Право на прием БВИ","-","Победителям и призерам","10, 11 класс"
"01.03.02 Прикладная математика и информатика; 09.03.04 Программная инженерия; 38.03.05 Бизнес-информатика","Всероссийская междисциплинарная олимпиада школьников 8-11 классов «Национальная технологическая олимпиада»","умные системы и технологии: умный город, цифровые сенсорные системы","информатика","информатика / математика","75 и более","Право на прием БВИ","-","Победителям и призерам","10, 11 класс"
"01.03.02 Прикладная математика и информатика; 09.03.04 Программная инженерия; 38.03.05 Бизнес-информатика","Всероссийская междисциплинарная олимпиада школьников 8-11 классов «Национальная технологическая олимпиада»","анализ космических снимков и геопространственных данных","математика","математика / информатика / физика","75 и более","Право на прием БВИ","-","Победителям и призерам","10, 11 класс"
"01.03.02 Прикладная математика и информатика; 09.03.04 Программная инженерия; 38.03.05 Бизнес-информатика","Всероссийская междисциплинарная олимпиада школьников 8-11 классов «Национальная технологическая олимпиада»","аэрокосмические системы","информатика","информатика / физика","75 и более","Право на прием БВИ","-","Победителям и призерам","10, 11 класс"
"01.03.02 Прикладная математика и информатика; 09.03.04 Программная инженерия; 38.03.05 Бизнес-информатика","Всероссийская междисциплинарная олимпиада школьников 8-11 классов «Национальная технологическая олимпиада»","беспилотные авиационные системы","математика","математика / информатика / физика","75 и более","Право на прием БВИ","-","Победителям и призерам","10, 11 класс"
"09.03.04 Программная инженерия","Всероссийская междисциплинарная олимпиада школьников 8-11 классов «Национальная технологическая олимпиада»","автоматизация бизнес-процессов","математика","математика","75 и более","Право на прием БВИ","-","Победителям и призерам","10, 11 класс"
"09.03.04 Программная инженерия","Всероссийская междисциплинарная олимпиада школьников 8-11 классов «Национальная технологическая олимпиада»","автономные транспортные системы","математика","математика / физика","75 и более","Право на прием БВИ","-","Победителям и призерам","10, 11 класс"
"09.03.04 Программная инженерия","Всероссийская междисциплинарная олимпиада школьников 8-11 классов «Национальная технологическая олимпиада»","космические системы: анализ космических снимков и геопространственных данных, спутниковые системы","математика","математика / информатика / физика","75 и более","Право на прием БВИ","-","Победителям и призерам","10, 11 класс"
"09.03.04 Программная инженерия","Всероссийская междисциплинарная олимпиада школьников 8-11 классов «Национальная технологическая олимпиада»","беспилотный транспорт: аэрокосмические системы, беспилотные авиационные системы, водные робототехнические системы, летающая робототехника","информатика","информатика / физика","75 и более","Право на прием БВИ","-","Победителям и призерам","10, 11 класс"
"09.03.04 Программная инженерия","Всероссийская междисциплинарная олимпиада школьников 8-11 классов «Национальная технологическая олимпиада»","интеллектуальные робототехнические системы","математика","математика / информатика","75 и более","Право на прием БВИ","-","Победителям и призерам","10, 11 класс"
"09.03.04 Программная инженерия","Всероссийская междисциплинарная олимпиада школьников 8-11 классов «Национальная технологическая олимпиада»","интеллектуальные энергетические системы","математика","математика / физика","75 и более","Право на прием БВИ","-","Победителям и призерам","10, 11 класс"
"09.03.04 Программная инженерия","Всероссийская междисциплинарная олимпиада школьников 8-11 классов «Национальная технологическая олимпиада»","информационная безопасность","информатика","информатика","75 и более","Право на прием БВИ","информатика","Победителям и призерам","10, 11 класс"
"09.03.04 Программная инженерия","Всероссийская междисциплинарная олимпиада школьников 8-11 классов «Национальная технологическая олимпиада»","информационная безопасность","информатика","информатика","75 и более","Право на 100 баллов","информатика","Победителям и призерам","9, 10, 11 класс"
"09.03.04 Программная инженерия","Всероссийская междисциплинарная олимпиада школьников 8-11 классов «Национальная технологическая олимпиада»","искусственный интеллект","информатика","информатика","75 и более","Право на прием БВИ","информатика","Победителям и призерам","10, 11 класс"
"09.03.04 Программная инженерия","Всероссийская междисциплинарная олимпиада школьников 8-11 классов «Национальная технологическая олимпиада»","квантовый инжиниринг","физика","физика / информатика","75 и более","Право на прием БВИ","-","Победителям и призерам","9, 10, 11 класс"
"09.03.04 Программная инженерия","Всероссийская междисциплинарная олимпиада школьников 8-11 классов «Национальная технологическая олимпиада»","инфротехнологии и когнитивные науки","математика","математика / информатика","75 и более","Право на прием БВИ","-","Победителям и призерам","10, 11 класс"
"09.03.04 Программная инженерия","Всероссийская междисциплинарная олимпиада школьников 8-11 классов «Национальная технологическая олимпиада»","программная инженерия в финансовых технологиях","математика","математика / информатика","75 и более","Право на прием БВИ","математика / информатика","Победителям и призерам","10, 11 класс"
"09.03.04 Программная инженерия","Всероссийская междисциплинарная олимпиада школьников 8-11 классов «Национальная технологическая олимпиада»","разработка мобильных приложений","информатика","информатика","75 и более","Право на прием БВИ","информатика","Победителям и призерам","9, 10, 11 класс"
"09.03.04 Программная инженерия","Всероссийская междисциплинарная олимпиада школьников 8-11 классов «Национальная технологическая олимпиада»","технологии беспроводной связи","информатика","информатика / математика","75 и более","Право на прием БВИ","-","Победителям и призерам","10, 11 класс"
"09.03.04 Программная инженерия","Всероссийская междисциплинарная олимпиада школьников 8-11 классов «Национальная технологическая олимпиада»","умные системы и технологии: умный город, цифровые сенсорные системы","информатика","информатика / математика","75 и более","Право на прием БВИ","-","Победителям и призерам","10, 11 класс"
"09.03.04 Программная инженерия","Всероссийская междисциплинарная олимпиада школьников 8-11 классов «Национальная технологическая олимпиада»","анализ космических снимков и геопространственных данных","математика","математика / информатика / физика","75 и более","Право на прием БВИ","-","Победителям и призерам","10, 11 класс"
"09.03.04 Программная инженерия","Всероссийская междисциплинарная олимпиада школьников 8-11 классов «Национальная технологическая олимпиада»","аэрокосмические системы","информатика","информатика / физика","75 и более","Право на прием БВИ","-","Победителям и призерам","10, 11 класс"
"09.03.04 Программная инженерия","Всероссийская междисциплинарная олимпиада школьников 8-11 классов «Национальная технологическая олимпиада»","беспилотные авиационные системы","математика","математика / информатика / физика","75 и более","Право на прием БВИ","-","Победителям и призерам","10, 11 класс"
"09.03.04 Программная инженерия","Всероссийская междисциплинарная олимпиада школьников 8-11 классов «Национальная технологическая олимпиада»","виртуальные миры: разработка компьютерных игр, технологии виртуальной реальности, технологии дополненной реальности","информатика","информатика","75 и более","Право на прием БВИ","информатика","Победителям и призерам","10, 11 класс"
"09.03.04 Программная инженерия","Всероссийская междисциплинарная олимпиада школьников 8-11 классов «Национальная технологическая олимпиада»","виртуальные миры: разработка компьютерных игр, технологии виртуальной реальности, технологии дополненной реальности","информатика","информатика","75 и более","Право на 100 баллов","информатика","Победителям и призерам","9, 10, 11 класс"
"37.03.01 Психология","Всероссийская олимпиада школьников «Высшая проба»","психология","психология","биология","75 и более","Право на 100 баллов","биология","Победителям и призерам","10, 11 класс"
"37.03.01 Психология","Всероссийская олимпиада школьников «Высшая проба»","психология","психология","биология","75 и более","Право на 100 баллов","биология","Победителям и призерам","10, 11 класс"
"37.03.01 Психология","Всероссийская олимпиада школьников «Высшая проба»","обществознание","обществознание","обществознание","75 и более","Право на 100 баллов","обществознание","Победителям и призерам","10, 11 класс"
"37.03.01 Психология","Всероссийская олимпиада школьников «Высшая проба»","обществознание","обществознание","обществознание","75 и более","Право на 100 баллов","обществознание","Победителям и призерам","10, 11 класс"
"37.03.01 Психология","Всероссийская олимпиада школьников «Высшая проба»","иностранный язык","иностранный язык","иностранный язык","75 и более","Право на 100 баллов","иностранный язык","Победителям и призерам","10, 11 класс"
"37.03.01 Психология","Всероссийская олимпиада школьников «Высшая проба»","иностранный язык","иностранный язык","иностранный язык","75 и более","Право на 100 баллов","иностранный язык","Победителям и призерам","10, 11 класс"
"37.03.01 Психология","Всероссийская олимпиада школьников «Высшая проба»","филология","филология","литература","75 и более","Право на 100 баллов","литература","Победителям и призерам","10, 11 класс"
"37.03.01 Психология","Всероссийская олимпиада школьников «Высшая проба»","филология","филология","литература","75 и более","Право на 100 баллов","литература","Победителям и призерам","10, 11 класс"
"37.03.01 Психология","Всероссийская олимпиада школьников «Высшая проба»","история","история","история","75 и более","Право на 100 баллов","история","Победителям и призерам","10, 11 класс"
"37.03.01 Психология","Всероссийская олимпиада школьников «Высшая проба»","история","история","история","75 и более","Право на 100 баллов","история","Победителям и призерам","10, 11 класс"
"37.03.01 Психология","Всероссийская олимпиада школьников «Высшая проба»","математика","математика","математика","75 и более","Право на 100 баллов","математика","Победителям и призерам","10, 11 класс"
"37.03.01 Психология","Всероссийская олимпиада школьников «Высшая проба»","математика","математика","математика","75 и более","Право на 100 баллов","математика","Победителям и призерам","10, 11 класс"
"37.03.01 Психология","Всероссийская олимпиада школьников «Высшая проба»","русский язык","русский язык","русский язык","75 и более","Право на 100 баллов","русский язык","Победителям и призерам","10, 11 класс"
"37.03.01 Психология","Всероссийская олимпиада школьников «Высшая проба»","русский язык","русский язык","русский язык","75 и более","Право на 100 баллов","русский язык","Победителям и призерам","10, 11 класс"
"37.03.01 Психология","Всероссийская олимпиада школьников «Высшая проба»","биология","биология","биология","75 и более","Право на 100 баллов","биология","Победителям и призерам","10, 11 класс"
"37.03.01 Психология","Всероссийская олимпиада школьников «Высшая проба»","биология","биология","биология","75 и более","Право на 100 баллов","биология","Победителям и призерам","10, 11 класс"
"40.03.01 Юриспруденция","Всероссийская академическая олимпиада школьников имени В.И. Вернадского","гуманитарные и социальные науки","история, обществознание","обществознание","75 и более","Право на прием БВИ","обществознание","Победителям и призерам","10, 11 класс"
"40.03.01 Юриспруденция","Междисциплинарная олимпиада школьников имени В.И. Вернадского","гуманитарные и социальные науки","история, обществознание","обществознание","75 и более","Право на прием БВИ","обществознание","Победителям и призерам","10, 11 класс"
"40.03.01 Юриспруденция","Олимпиада МГИМО МИД России для школьников","гуманитарные и социальные науки","история, обществознание","обществознание","75 и более","Право на прием БВИ","обществознание","Победителям и призерам","10, 11 класс"
"40.03.01 Юриспруденция","Олимпиада школьников Санкт-Петербургского государственного университета","гуманитарные и социальные науки","обществознание, история","обществознание","75 и более","Право на прием БВИ","обществознание","Победителям и призерам","10, 11 класс"
"40.03.01 Юриспруденция","Олимпиада школьников Санкт-Петербургского государственного университета","иностранный язык","иностранный язык","иностранный язык","75 и более","Право на 100 баллов","иностранный язык","Победителям и призерам","10, 11 класс"
"40.03.01 Юриспруденция","Олимпиада школьников Санкт-Петербургского государственного университета","история","история","история","75 и более","Право на прием БВИ","история","Победителям и призерам","10, 11 класс"
"40.03.01 Юриспруденция","Олимпиада школьников Санкт-Петербургского государственного университета","международные отношения","политические науки и регионоведение","обществознание","75 и более","Право на прием БВИ","обществознание","Победителям и призерам","10, 11 класс"
"40.03.01 Юриспруденция","Олимпиада школьников Санкт-Петербургского государственного университета","обществознание","обществознание","обществознание","75 и более","Право на прием БВИ","обществознание","Победителям и призерам","10, 11 класс"
"40.03.01 Юриспруденция","Олимпиада школьников Санкт-Петербургского государственного университета","политология","политические науки и регионоведение","обществознание","75 и более","Право на прием БВИ","обществознание","Победителям и призерам","10, 11 класс"
"40.03.01 Юриспруденция","Олимпиада школьников Санкт-Петербургского государственного университета","право","право","обществознание","75 и более","Право на прием БВИ","обществознание","Победителям и призерам","10, 11 класс"
"40.03.01 Юриспруденция","Олимпиада школьников Санкт-Петербургского государственного университета","психология","психологические науки","обществознание","75 и более","Право на прием БВИ","обществознание","Победителям и призерам","10, 11 класс"
"40.03.01 Юриспруденция","Олимпиада школьников Санкт-Петербургского государственного университета","социология","обществознание, история","обществознание","75 и более","Право на прием БВИ","обществознание","Победителям и призерам","10, 11 класс"
"40.03.01 Юриспруденция","Олимпиада школьников Санкт-Петербургского государственного университета","философия","философия, этика и религиоведение, теология, психологические науки, культурология и социокультурные проекты","обществознание","75 и более","Право на прием БВИ","обществознание","Победителям и призерам","10, 11 класс"
"40.03.01 Юриспруденция","Телевизионная гуманитарная олимпиада школьников «Умницы и умники»","гуманитарные и социальные науки","средства массовой информации и информационно-библиотечное дело, журналистика, политические науки и регионоведение, зарубежное регионоведение, международные отношения, политология, реклама и связи с общественностью","обществознание","75 и более","Право на прием БВИ","обществознание","Победителям и призерам","10, 11 класс"
"40.03.01 Юриспруденция","Всероссийская олимпиада школьников «Высшая проба»","иностранный язык","иностранный язык","иностранный язык","75 и более","Право на 100 баллов","иностранный язык","Победителям и призерам","10, 11 класс"
"40.03.01 Юриспруденция","Всероссийская олимпиада школьников «Высшая проба»","история","история","история","75 и более","Право на прием БВИ","история","Победителям и призерам","10, 11 класс"
"40.03.01 Юриспруденция","Всероссийская олимпиада школьников «Высшая проба»","история искусств","искусствоведение","история","75 и более","Право на прием БВИ","история","Победителям и призерам","10, 11 класс"
"40.03.01 Юриспруденция","Всероссийская олимпиада школьников «Высшая проба»","история мировых цивилизаций","история","история","75 и более","Право на прием БВИ","история","Победителям и призерам","10, 11 класс"
"40.03.01 Юриспруденция","Всероссийская олимпиада школьников «Высшая проба»","культурология","культуроведение и социокультурные проекты, культурология","обществознание","75 и более","Право на прием БВИ","обществознание","Победителям и призерам","10, 11 класс"
"40.03.01 Юриспруденция","Всероссийская олимпиада школьников «Высшая проба»","международные отношения","политические науки и регионоведение","обществознание","75 и более","Право на прием БВИ","обществознание","Победителям и призерам","10, 11 класс"
"40.03.01 Юриспруденция","Всероссийская олимпиада школьников «Высшая проба»","обществознание","обществознание","обществознание","75 и более","Право на прием БВИ","обществознание","Победителям и призерам","10, 11 класс"
"40.03.01 Юриспруденция","Всероссийская олимпиада школьников «Высшая проба»","политология","политические науки и регионоведение, политология, обществознание","обществознание","75 и более","Право на прием БВИ","обществознание","Победителям и призерам","10, 11 класс"
"40.03.01 Юриспруденция","Всероссийская олимпиада школьников «Высшая проба»","право","право","обществознание","75 и более","Право на прием БВИ","обществознание","Победителям и призерам","10, 11 класс"
"40.03.01 Юриспруденция","Всероссийская олимпиада школьников «Высшая проба»","психология","психологические науки, психология","обществознание","75 и более","Право на прием БВИ","обществознание","Победителям и призерам","10, 11 класс"
"40.03.01 Юриспруденция","Всероссийская олимпиада школьников «Высшая проба»","социология","социология и социальная работа, социология, обществознание","обществознание","75 и более","Право на прием БВИ","обществознание","Победителям и призерам","10, 11 класс"
"40.03.01 Юриспруденция","Всероссийская олимпиада школьников «Высшая проба»","философия","философия, этика и религиоведение, обществознание","обществознание","75 и более","Право на прием БВИ","обществознание","Победителям и призерам","10, 11 класс"
"40.03.01 Юриспруденция","Всероссийская олимпиада школьников «Высшая проба»","русский язык","русский язык","русский язык","75 и более","Право на 100 баллов","русский язык","Победителям и призерам","10, 11 класс"
"45.03.01 Филология","Всероссийская олимпиада школьников «Высшая проба»","иностранный язык","иностранный язык","иностранный язык","75 и более","Право на прием БВИ","иностранный язык","Победителям и призерам","10, 11 класс"
"45.03.01 Филология","Всероссийская олимпиада школьников «Высшая проба»","иностранный язык","иностранный язык","иностранный язык","75 и более","Право на прием БВИ","иностранный язык","Победителям и призерам","9, 10, 11 класс"
"45.03.01 Филология","Всероссийская олимпиада школьников «Высшая проба»","журналистика","средства массовой информации и информационно-библиотечное дело, журналистика","русский язык","75 и более","Право на прием БВИ","русский язык","Победителям и призерам","10, 11 класс"
"45.03.01 Филология","Всероссийская олимпиада школьников «Высшая проба»","иностранный язык","иностранный язык","иностранный язык","75 и более","Право на прием БВИ","иностранный язык","Победителям и призерам","9, 10, 11 класс"
"45.03.01 Филология","Всероссийская олимпиада школьников «Высшая проба»","культурология","культуроведение и социокультурные проекты, культурология","обществознание","75 и более","Право на прием БВИ","-","Победителям и призерам","10, 11 класс"
"45.03.01 Филология","Всероссийская олимпиада школьников «Высшая проба»","русский язык","русский язык","русский язык","75 и более","Право на прием БВИ","русский язык","Победителям и призерам","9, 10, 11 класс"
"45.03.01 Филология","Всероссийская олимпиада школьников «Высшая проба»","филология","языкознание и литературоведение, литература, филология","литература","75 и более","Право на прием БВИ","литература","Победителям и призерам","10, 11 класс"
"45.03.01 Филология","Всероссийская олимпиада школьников «Высшая проба»","гуманитарные и социальные науки","история, обществознание","обществознание","75 и более","Право на прием БВИ","-","Победителям и призерам","9, 10, 11 класс"
"45.03.01 Филология","Всероссийская олимпиада школьников «Высшая проба»","гуманитарные и социальные науки","история, обществознание","обществознание","75 и более","Право на прием БВИ","-","Победителям и призерам","10, 11 класс"
"45.03.01 Филология","Олимпиада МГИМО МИД России для школьников","гуманитарные и социальные науки","история, обществознание","обществознание","75 и более","Право на прием БВИ","-","Победителям и призерам","10, 11 класс"
"45.03.01 Филология","Олимпиада школьников Санкт-Петербургского государственного университета","гуманитарные и социальные науки","обществознание","русский язык","75 и более","Право на прием БВИ","русский язык","Победителям и призерам","10, 11 класс"
"45.03.01 Филология","Олимпиада школьников Санкт-Петербургского государственного университета","журналистика","средства массовой информации и информационно-библиотечное дело, журналистика","русский язык","75 и более","Право на прием БВИ","русский язык","Победителям и призерам","9, 10, 11 класс"
"45.03.01 Филология","Олимпиада школьников Санкт-Петербургского государственного университета","иностранный язык","иностранный язык","иностранный язык","75 и более","Право на прием БВИ","иностранный язык","Победителям и призерам","10, 11 класс"
"45.03.01 Филология","Олимпиада школьников Санкт-Петербургского государственного университета","филология","иностранный язык, литература, русский язык","литература","75 и более","Право на прием БВИ","литература","Победителям и призерам","9, 10, 11 класс"
"45.03.01 Филология","Олимпиада школьников Санкт-Петербургского государственного университета","гуманитарные и социальные науки","средства массовой информации и информационно-библиотечное дело, журналистика, политические науки и регионоведение, зарубежное регионоведение, международные отношения, политология, реклама и связи с общественностью","обществознание","75 и более","Право на прием БВИ","-","Победителям и призерам","10, 11 класс"
"45.03.01 Филология","Телевизионная гуманитарная олимпиада школьников «Умницы и умники»","гуманитарные и социальные науки","обществознание","русский язык","75 и более","Право на прием БВИ","русский язык","Победителям и призерам","10, 11 класс"
"45.03.01 Филология","Телевизионная гуманитарная олимпиада школьников «Умницы и умники»","журналистика","средства массовой информации и информационно-библиотечное дело, журналистика","русский язык","75 и более","Право на прием БВИ","русский язык","Победителям и призерам","9, 10, 11 класс"
"45.03.02 Лингвистика","Всероссийская олимпиада школьников «Высшая проба»","иностранный язык","иностранный язык","иностранный язык","75 и более","Право на 100 баллов","иностранный язык","Победителям и призерам","10, 11 класс"
"45.03.02 Лингвистика","Всероссийская олимпиада школьников «Высшая проба»","иностранный язык","иностранный язык","иностранный язык","75 и более","Право на 100 баллов","иностранный язык","Победителям и призерам","10, 11 класс"
"45.03.02 Лингвистика","Всероссийская олимпиада школьников «Высшая проба»","филология","филология","литература","75 и более","Право на 100 баллов","литература","Победителям и призерам","10, 11 класс"
"45.03.02 Лингвистика","Всероссийская олимпиада школьников «Высшая проба»","филология","филология","литература","75 и более","Право на 100 баллов","литература","Победителям и призерам","10, 11 класс"
"45.03.02 Лингвистика","Всероссийская олимпиада школьников «Высшая проба»","лингвистика","русский язык, иностранный язык","иностранный язык","75 и более","Право на 100 баллов","иностранный язык","Победителям и призерам","10, 11 класс"
"45.03.02 Лингвистика","Всероссийская олимпиада школьников «Высшая проба»","лингвистика","русский язык, иностранный язык","иностранный язык","75 и более","Право на 100 баллов","иностранный язык","Победителям и призерам","10, 11 класс"
"45.03.02 Лингвистика","Всероссийская олимпиада школьников «Высшая проба»","востоковедение","востоковедение и африканистика","иностранный язык","75 и более","Право на 100 баллов","иностранный язык","Победителям и призерам","10, 11 класс"
"45.03.02 Лингвистика","Всероссийская олимпиада школьников «Высшая проба»","востоковедение","востоковедение и африканистика","иностранный язык","75 и более","Право на 100 баллов","иностранный язык","Победителям и призерам","10, 11 класс"
"45.03.02 Лингвистика","Всероссийская олимпиада школьников «Высшая проба»","иностранный язык","иностранный язык","иностранный язык","75 и более","Право на 100 баллов","иностранный язык","Победителям и призерам","10, 11 класс"
"45.03.02 Лингвистика","Всероссийская олимпиада школьников «Высшая проба»","иностранный язык","иностранный язык","иностранный язык","75 и более","Право на 100 баллов","иностранный язык","Победителям и призерам","10, 11 класс"
"45.03.02 Лингвистика","Всероссийская олимпиада школьников «Высшая проба»","история искусств","искусствоведение","история","75 и более","Право на 100 баллов","история","Победителям и призерам","10, 11 класс"
"45.03.02 Лингвистика","Всероссийская олимпиада школьников «Высшая проба»","история мировых цивилизаций","история","история","75 и более","Право на 100 баллов","история","Победителям и призерам","10, 11 класс"
"45.03.02 Лингвистика","Всероссийская олимпиада школьников «Высшая проба»","культурология","культуроведение и социокультурные проекты, культурология","обществознание","75 и более","Право на 100 баллов","обществознание","Победителям и призерам","10, 11 класс"
"45.03.03 Фундаментальная и прикладная лингвистика","Всероссийская олимпиада школьников «Высшая проба»","анализ данных","компьютерные и информационные науки, информатика и вычислительная техника","математика","75 и более","Право на прием БВИ","математика","Победителям и призерам","10, 11 класс"
"45.03.03 Фундаментальная и прикладная лингвистика","Всероссийская олимпиада школьников «Высшая проба»","анализ данных","компьютерные и информационные науки, информатика и вычислительная техника","математика","75 и более","Право на 100 баллов","математика","Победителям и призерам","9, 10, 11 класс"
"45.03.03 Фундаментальная и прикладная лингвистика","Всероссийская олимпиада школьников «Высшая проба»","восточные языки","иностранный язык","иностранный язык","75 и более","Право на прием БВИ","иностранный язык","Победителям и призерам","10, 11 класс"
"45.03.03 Фундаментальная и прикладная лингвистика","Всероссийская олимпиада школьников «Высшая проба»","восточные языки","иностранный язык","иностранный язык","75 и более","Право на 100 баллов","иностранный язык","Победителям и призерам","9, 10, 11 класс"
"45.03.03 Фундаментальная и прикладная лингвистика","Всероссийская олимпиада школьников «Высшая проба»","иностранный язык","иностранный язык","иностранный язык","75 и более","Право на прием БВИ","иностранный язык","Победителям и призерам","10, 11 класс"
"45.03.03 Фундаментальная и прикладная лингвистика","Всероссийская олимпиада школьников «Высшая проба»","иностранный язык","иностранный язык","иностранный язык","75 и более","Право на 100 баллов","иностранный язык","Победителям и призерам","9, 10, 11 класс"
"45.03.03 Фундаментальная и прикладная лингвистика","Всероссийская олимпиада школьников «Высшая проба»","информатика","информатика","информатика","75 и более","Право на прием БВИ","информатика","Победителям и призерам","10, 11 класс"
"45.03.03 Фундаментальная и прикладная лингвистика","Всероссийская олимпиада школьников «Высшая проба»","информатика","информатика","информатика","75 и более","Право на 100 баллов","информатика","Победителям и призерам","9, 10, 11 класс"
"45.03.03 Фундаментальная и прикладная лингвистика","Всероссийская олимпиада школьников «Высшая проба»","математика","математика","математика","75 и более","Право на прием БВИ","математика","Победителям и призерам","10, 11 класс"
"45.03.03 Фундаментальная и прикладная лингвистика","Всероссийская олимпиада школьников «Высшая проба»","математика","математика","математика","75 и более","Право на 100 баллов","математика","Победителям и призерам","9, 10, 11 класс"
"45.03.03 Фундаментальная и прикладная лингвистика","Всероссийская олимпиада школьников «Высшая проба»","русский язык","русский язык","русский язык","75 и более","Право на прием БВИ","русский язык","Победителям и призерам","10, 11 класс"
"45.03.03 Фундаментальная и прикладная лингвистика","Всероссийская олимпиада школьников «Высшая проба»","русский язык","русский язык","русский язык","75 и более","Право на 100 баллов","русский язык","Победителям и призерам","9, 10, 11 класс"
"45.03.03 Фундаментальная и прикладная лингвистика","Всероссийская олимпиада школьников «Высшая проба»","социология","социология и социальная работа, социология, обществознание","обществознание","75 и более","Право на 100 баллов","обществознание","Победителям и призерам","10, 11 класс"
"54.03.01 Дизайн","Всероссийская олимпиада школьников «Высшая проба»","дизайн","изобразительное и прикладные виды искусств, дизайн","нет","нет","Право на 100 баллов","творческий конкурс","Победителям и призерам","10, 11 класс"
"54.03.01 Дизайн","Всероссийская олимпиада школьников «Высшая проба»","русский язык","русский язык","русский язык","75 и более","Право на 100 баллов","русский язык","Победителям и призерам","10, 11 класс"
"54.03.01 Дизайн","Всероссийская Толстовская олимпиада школьников","литература","литература, педагогическое образование, филология","литература","75 и более","Право на 100 баллов","литература","Победителям и призерам","10, 11 класс"
"54.03.01 Дизайн","Международная олимпиада школьников «Искусство графики»","графический дизайн","изобразительное и прикладные виды искусств, дизайн","нет","нет","Право на 100 баллов","творческий конкурс","Победителям и призерам","10, 11 класс"
"54.03.01 Дизайн","Международная олимпиада школьников Уральского федерального университета «Изумруд»","русский язык","русский язык","русский язык","75 и более","Право на 100 баллов","русский язык","Победителям и призерам","10, 11 класс"
"54.03.01 Дизайн","Межрегиональная олимпиада школьников «Будущие исследователи - будущее науки»","русский язык","русский язык","русский язык","75 и более","Право на 100 баллов","русский язык","Победителям и призерам","10, 11 класс"
"54.03.01 Дизайн","Межрегиональные предметные олимпиады федерального государственного автономного образовательного учреждения высшего образования «Казанский (Приволжский) федеральный университет»","дизайн","изобразительное и прикладные виды искусств, дизайн","нет","нет","Право на 100 баллов","творческий конкурс","Победителям и призерам","10, 11 класс"
"54.03.01 Дизайн","Межрегиональные предметные олимпиады федерального государственного автономного образовательного учреждения высшего образования «Казанский (Приволжский) федеральный университет»","русский язык","русский язык","русский язык","75 и более","Право на 100 баллов","русский язык","Победителям и призерам","10, 11 класс"
"54.03.01 Дизайн","Океан знаний","русский язык","русский язык","русский язык","75 и более","Право на 100 баллов","русский язык","Победителям и призерам","10, 11 класс"
"54.03.01 Дизайн","Олимпиада РГГУ для школьников","литература","литература","литература","75 и более","Право на 100 баллов","литература","Победителям и призерам","10, 11 класс"
"54.03.01 Дизайн","Олимпиада школьников «Ломоносов»","литература","литература","литература","75 и более","Право на 100 баллов","литература","Победителям и призерам","10, 11 класс"
"54.03.01 Дизайн","Олимпиада школьников «Покори Воробьёвы горы!»","русский язык","русский язык","русский язык","75 и более","Право на 100 баллов","русский язык","Победителям и призерам","10, 11 класс"
"54.03.01 Дизайн","Открытая региональная межвузовская олимпиада школьников (ОРМО) с международным участием","литература","литература","литература","75 и более","Право на 100 баллов","литература","Победителям и призерам","10, 11 класс"
"54.03.01 Дизайн","Плехановская олимпиада школьников","русский язык","русский язык","русский язык","75 и более","Право на 100 баллов","русский язык","Победителям и призерам","10, 11 класс"
"54.03.01 Дизайн","Северо-Восточная олимпиада школьников","родные языки","образование и педагогические науки, педагогическое образование","русский язык","75 и более","Право на 100 баллов","русский язык","Победителям и призерам","10, 11 класс"
"54.03.01 Дизайн","Турнир имени М.В. Ломоносова","литература","литература","литература","75 и более","Право на 100 баллов","литература","Победителям и призерам","10, 11 класс"